<?xml version="1.0" encoding="utf-8"?>
<Dependencies>
  <ProductDependencies>
    <Dependency Name="Microsoft.SymbolUploader.Build.Task" Version="1.1.156702">
      <Uri>https://dev.azure.com/dnceng/internal/_git/dotnet-symuploader</Uri>
      <Sha>861806bc0dc685441cb3e8f6bd1ce5ed31e6b32b</Sha>
    </Dependency>
    <Dependency Name="Microsoft.SymbolUploader" Version="1.1.152002">
      <Uri>https://dev.azure.com/dnceng/internal/_git/dotnet-symuploader</Uri>
      <Sha>165896e7efeecb70f01bd011257ead0f56d32c95</Sha>
    </Dependency>
  </ProductDependencies>
  <ToolsetDependencies>
    <Dependency Name="Microsoft.DotNet.Arcade.Sdk" Version="7.0.0-beta.21576.4">
      <Uri>https://github.com/dotnet/arcade</Uri>
      <Sha>427c05909067bb2e484116ae2239456bb45adb85</Sha>
    </Dependency>
    <Dependency Name="Microsoft.DotNet.Build.Tasks.Feed" Version="7.0.0-beta.21576.4">
      <Uri>https://github.com/dotnet/arcade</Uri>
      <Sha>427c05909067bb2e484116ae2239456bb45adb85</Sha>
    </Dependency>
    <Dependency Name="Microsoft.DotNet.SignTool" Version="7.0.0-beta.21576.4">
      <Uri>https://github.com/dotnet/arcade</Uri>
      <Sha>427c05909067bb2e484116ae2239456bb45adb85</Sha>
    </Dependency>
    <Dependency Name="Microsoft.DotNet.Helix.Sdk" Version="7.0.0-beta.21576.4">
      <Uri>https://github.com/dotnet/arcade</Uri>
      <Sha>427c05909067bb2e484116ae2239456bb45adb85</Sha>
    </Dependency>
    <Dependency Name="Microsoft.DotNet.SwaggerGenerator.MSBuild" Version="7.0.0-beta.21576.4">
      <Uri>https://github.com/dotnet/arcade</Uri>
      <Sha>427c05909067bb2e484116ae2239456bb45adb85</Sha>
    </Dependency>
    <Dependency Name="Microsoft.DotNet.Maestro.Client" Version="1.1.0-beta.20258.6">
      <Uri>https://github.com/dotnet/arcade-services</Uri>
      <Sha>869869342f1ec338de96adcea6e003b61f195256</Sha>
    </Dependency>
    <Dependency Name="Microsoft.DotNet.Maestro.Tasks" Version="1.1.0-beta.20570.1">
      <Uri>https://github.com/dotnet/arcade-services</Uri>
      <Sha>cac955fe259cb611f6a29d09209bd717deb69037</Sha>
    </Dependency>
    <Dependency Name="Microsoft.DotNet.XHarness.CLI" Version="1.0.0-prerelease.21103.1">
      <Uri>https://github.com/dotnet/xharness</Uri>
      <Sha>bd947cb355b96a584128d12b58088f7efab57f96</Sha>
    </Dependency>
    <Dependency Name="Microsoft.Net.Compilers.Toolset" Version="3.9.0-4.21104.8">
      <Uri>https://github.com/dotnet/roslyn</Uri>
      <Sha>2fc92d84e746c3aab75f0930278ea6675cd5bb5c</Sha>
    </Dependency>
    <Dependency Name="Microsoft.SourceLink.GitHub" Version="1.1.0-beta-21101-02">
      <Uri>https://github.com/dotnet/sourcelink</Uri>
      <Sha>ca11cbd5e7fac44ae5a7228f5cd89d9df99dd90e</Sha>
      <SourceBuild RepoName="sourcelink" ManagedOnly="true" />
    </Dependency>
    <Dependency Name="Microsoft.SourceLink.AzureRepos.Git" Version="1.1.0-beta-21101-02">
      <Uri>https://github.com/dotnet/sourcelink</Uri>
      <Sha>ca11cbd5e7fac44ae5a7228f5cd89d9df99dd90e</Sha>
    </Dependency>
    <Dependency Name="Microsoft.DiaSymReader.Pdb2Pdb" Version="1.1.0-beta2-19575-01">
      <Uri>https://github.com/dotnet/symreader-converter</Uri>
      <Sha>c5ba7c88f92e2dde156c324a8c8edc04d9fa4fe0</Sha>
    </Dependency>
    <Dependency Name="Microsoft.DiaSymReader.Converter" Version="1.1.0-beta2-19575-01">
      <Uri>https://github.com/dotnet/symreader-converter</Uri>
      <Sha>c5ba7c88f92e2dde156c324a8c8edc04d9fa4fe0</Sha>
    </Dependency>
    <Dependency Name="Microsoft.DotNet.XliffTasks" Version="1.0.0-beta.21376.1">
      <Uri>https://github.com/dotnet/xliff-tasks</Uri>
      <Sha>397ff033b467003d51619f9ac3928e02a4d4178f</Sha>
    </Dependency>
    <Dependency Name="Microsoft.SourceBuild.Intermediate.source-build-reference-packages" Version="5.0.0-alpha.1.20473.1">
      <Uri>https://github.com/dotnet/source-build-reference-packages</Uri>
      <Sha>def2e2c6dc5064319250e2868a041a3dc07f9579</Sha>
      <SourceBuild RepoName="source-build-reference-packages" ManagedOnly="true" />
    </Dependency>
  </ToolsetDependencies>
</Dependencies>
