﻿[
  {
    "PackageSetName": "System.Configuration",
    "NetCorePackagesWorkOnNetFx": true,
    "NetFrameworkAssemblies": [
      {
        "Name": "System.Configuration"
      }
    ],
    "NetCorePackages": [
      {
        "Name": "System.Configuration.ConfigurationManager",
        "Version": "5.0.0"
      }
    ]
  },
  {
    "PackageSetName": "System.Data.Entity",
    "NetCorePackagesWorkOnNetFx": true,
    "NetFrameworkAssemblies": [
      {
        "Name": "System.Data.Entity"
      }
    ],
    "NetCorePackages": [
      {
        "Name": "EntityFramework",
        "Version": "6.4.4"
      }
    ]
  },
  {
    "PackageSetName": "System.ServiceModel",
    "NetCorePackagesWorkOnNetFx": true,
    "NetFrameworkAssemblies": [
      {
        "Name": "System.ServiceModel"
      }
    ],
    "NetCorePackages": [
      {
        "Name": "System.ServiceModel.Primitives",
        "Version": "4.8.1"
      },
      {
        "Name": "System.ServiceModel.Http",
        "Version": "4.8.1"
      },
      {
        "Name": "System.ServiceModel.Duplex",
        "Version": "4.8.1"
      },
      {
        "Name": "System.ServiceModel.NetTcp",
        "Version": "4.8.1"
      },
      {
        "Name": "System.ServiceModel.Security",
        "Version": "4.8.1"
      },
      {
        "Name": "System.ServiceModel.Federation",
        "Version": "4.8.1"
      }
    ]
  }
]