﻿[
  {
    "PackageSetName": "WindowsContracts",
    "NetFrameworkPackages": [
      {
        "Name": "Microsoft.Windows.SDK.Contracts",
        "Version": "*"
      }
    ]
  },
  {
    "PackageSetName": "PowerShell",
    "NetCorePackagesWorkOnNetFx": true,
    "NetFrameworkPackages": [
      {
        "Name": "Microsoft.PowerShell.5.ReferenceAssemblies",
        "Version": "*"
      }
    ],
    "NetCorePackages": [
      {
        "Name": "PowerShellStandard.Library",
        "Version": "7.0.0-preview.1"
      }
    ]
  },
  {
    "PackageSetName": "Microsoft.Toolkit.Wpf.UI.Controls.WebView",
    "NetCorePackagesWorkOnNetFx": true,
    "NetFrameworkPackages": [
      {
        "Name": "Microsoft.Toolkit.Wpf.UI.Controls.WebView",
        "Version": "*"
      }
    ],
    "NetCorePackages": [
      {
        "Name": "Microsoft.Web.WebView2",
        "Version": "1.0.705.50"
      }
    ]
  },
  {
    "PackageSetName": "Microsoft.Net.Compilers",
    "NetFrameworkPackages": [
      {
        "Name": "Microsoft.Net.Compilers",
        "Version": "*"
      }
    ],
    "NetCorePackages": []
  },
  {
    "PackageSetName": "WebGrease",
    "NetFrameworkPackages": [
      {
        "Name": "WebGrease",
        "Version": "*"
      }
    ],
    "NetCorePackages": []
  },
  {
    "PackageSetName": "TPL.Dataflow",
    "NetCorePackagesWorkOnNetFx": true,
    "NetFrameworkPackages": [
      {
        "Name": "Microsoft.Tpl.Dataflow",
        "Version": "*"
      }
    ],
    "NetCorePackages": [
      {
        "Name": "System.Threading.Tasks.Dataflow",
        "Version": "4.11.1"
      }
    ]
  },
  {
    "PackageSetName": "HTTP packages",
    "NetCorePackagesWorkOnNetFx": true,
    "NetFrameworkAssemblies": [
      {
        "Name": "System.Net.Http.WebRequest"
      }
    ],
    "NetFrameworkPackages": [
      {
        "Name": "Microsoft.Net.Http",
        "Version": "*"
      }
    ],
    "NetCorePackages": [
      {
        "Name": "System.Net.Http",
        "Version": "4.3.0"
      }
    ]
  }
]