[
  {
    "PackageSetName": "Xamarin Packages",
    "NetFrameworkPackages": [
      {
        "Name": "Xamarin.Forms",
        "Version": "*"
      },
      {
        "Name": "Xamarin.Essentials",
        "Version": "*"
      }
    ],
    "NetCorePackages": []
  },
  {
    "PackageSetName": "Xamarin.Android Support Packages",
    "NetFrameworkPackages": [
      {
        "Name": "Xamarin.Android.Support.Compat",
        "Version": "*"
      },
      {
        "Name": "Xamarin.Android.Support.Annotations",
        "Version": "*"
      },
      {
        "Name": "Xamarin.Android.Support.Core.Utils",
        "Version": "*"
      },
      {
        "Name": "Xamarin.Android.Support.Fragment",
        "Version": "*"
      },
      {
        "Name": "Xamarin.Android.Support.v4",
        "Version": "*"
      },
      {
        "Name": "Xamarin.Android.Support.Design",
        "Version": "*"
      },
      {
        "Name": "Xamarin.Android.Support.Media.Compat",
        "Version": "*"
      },
      {
        "Name": "Xamarin.Android.Support.Core.UI",
        "Version": "*"
      },
      {
        "Name": "Xamarin.Android.Support.Vector.Drawable",
        "Version": "*"
      },
      {
        "Name": "Xamarin.Android.Support.v7.AppCompat ",
        "Version": "*"
      },
      {
        "Name": "Xamarin.Android.Support.Animated.Vector.Drawable",
        "Version": "*"
      },
      {
        "Name": "Xamarin.Android.Support.v7.RecyclerView",
        "Version": "*"
      },
      {
        "Name": "Xamarin.Android.Support.Transition",
        "Version": "*"
      },
      {
        "Name": "Xamarin.Android.Support.v7.CardView",
        "Version": "*"
      },
      {
        "Name": "Xamarin.Android.Support.v7.MediaRouter",
        "Version": "*"
      },
      {
        "Name": "Xamarin.Android.Support.Interpolator",
        "Version": "*"
      },
      {
        "Name": "Xamarin.Android.Support.Collections",
        "Version": "*"
      },
      {
        "Name": "Xamarin.Android.Support.CustomTabs",
        "Version": "*"
      },
      {
        "Name": "Xamarin.Android.Support.Loader",
        "Version": "*"
      },
      {
        "Name": "Xamarin.Android.Support.Print",
        "Version": "*"
      },
      {
        "Name": "Xamarin.Android.Support.DocumentFile",
        "Version": "*"
      },
      {
        "Name": "Xamarin.Android.Support.CursorAdapter",
        "Version": "*"
      },
      {
        "Name": "Xamarin.Android.Support.v7.Palette",
        "Version": "*"
      },
      {
        "Name": "Xamarin.Android.Support.ViewPager",
        "Version": "*"
      },
      {
        "Name": "Xamarin.Android.Support.VersionedParcelable",
        "Version": "*"
      },
      {
        "Name": "Xamarin.Android.Support.CustomView",
        "Version": "*"
      },
      {
        "Name": "Xamarin.Android.Support.DrawerLayout",
        "Version": "*"
      },
      {
        "Name": "Xamarin.Android.Support.CoordinaterLayout",
        "Version": "*"
      },
      {
        "Name": "Xamarin.Android.Support.LocalBroadcastManager",
        "Version": "*"
      },
      {
        "Name": "Xamarin.Android.Support.SlidingPaneLayout",
        "Version": "*"
      },
      {
        "Name": "Xamarin.Android.Support.SwipeRefreshLayout",
        "Version": "*"
      },
      {
        "Name": "Xamarin.Android.Support.AsyncLayoutInflater",
        "Version": "*"
      },
      {
        "Name": "Xamarin.Android.Support.Exif",
        "Version": "*"
      },
      {
        "Name": "Xamarin.Android.Support.v13",
        "Version": "*"
      },
      {
        "Name": "Xamarin.Android.Support.Constraint.Layout",
        "Version": "*"
      },
      {
        "Name": "Xamarin.Android.Support.Percent",
        "Version": "*"
      },
      {
        "Name": "Xamarin.Android.Support.Constraint.Layout.Solver",
        "Version": "*"
      },
      {
        "Name": "Xamarin.Android.Support.v17.Leanback",
        "Version": "*"
      },
      {
        "Name": "Xamarin.Android.Support.v7.GridLayout",
        "Version": "*"
      },
      {
        "Name": "Xamarin.Android.Support.v7.Preference",
        "Version": "*"
      },
      {
        "Name": "Xamarin.Android.Support.v14.Preference",
        "Version": "*"
      },
      {
        "Name": "Xamarin.Android.Support.v8.RenderScript",
        "Version": "*"
      },
      {
        "Name": "Xamarin.Android.Support.Emoji",
        "Version": "*"
      },
      {
        "Name": "Xamarin.Android.Support.v17.Preference.Leanback",
        "Version": "*"
      },
      {
        "Name": "Xamarin.Android.Support.Emoji.AppCompat",
        "Version": "*"
      },
      {
        "Name": "Xamarin.Android.Support.Wear",
        "Version": "*"
      },
      {
        "Name": "Xamarin.Android.Support.Emoji.Bundled",
        "Version": "*"
      },
      {
        "Name": "Xamarin.Android.Support.TV.Provider",
        "Version": "*"
      },
      {
        "Name": "Xamarin.Android.Support.Slices.Core",
        "Version": "*"
      },
      {
        "Name": "Xamarin.Android.Support.Slices.Builders",
        "Version": "*"
      },
      {
        "Name": "Xamarin.Android.Support.Slices.View",
        "Version": "*"
      },
      {
        "Name": "Xamarin.Android.Support.HeifWriter",
        "Version": "*"
      },
      {
        "Name": "Xamarin.Android.Support.WebKit",
        "Version": "*"
      },
      {
        "Name": "Xamarin.Android.Support.Content",
        "Version": "*"
      },
      {
        "Name": "Xamarin.Android.Support.Wearable",
        "Version": "*"
      },
      {
        "Name": "Xamarin.Android.Support.InstantVideo",
        "Version": "*"
      }
    ],
    "NetCorePackages": []
  },
  {
    "PackageSetName": "Xamarin.Android Arch Packages",
    "NetFrameworkPackages": [
      {
        "Name": "Xamarin.Android.Arch.Core.Common",
        "Version": "*"
      },
      {
        "Name": "Xamarin.Android.Arch.Lifecycle.Common",
        "Version": "*"
      },
      {
        "Name": "Xamarin.Android.Arch.Lifecycle.Runtime",
        "Version": "*"
      },
      {
        "Name": "Xamarin.Android.Arch.Core.Runtime",
        "Version": "*"
      },
      {
        "Name": "Xamarin.Android.Arch.Lifecycle.LiveData",
        "Version": "*"
      },
      {
        "Name": "Xamarin.Android.Arch.Lifecycle.ViewModel",
        "Version": "*"
      },
      {
        "Name": "Xamarin.Android.Arch.Lifecycle.LiveData.Core",
        "Version": "*"
      },
      {
        "Name": "Xamarin.Android.Arch.Lifecycle.Extensions ",
        "Version": "*"
      },
      {
        "Name": "Xamarin.Android.Arch.Work.Runtime",
        "Version": "*"
      },
      {
        "Name": "Xamarin.Android.Arch.Persistence.Db",
        "Version": "*"
      },
      {
        "Name": "Xamarin.Android.Arch.Persistence.Room.Common",
        "Version": "*"
      },
      {
        "Name": "Xamarin.Android.Arch.Persistence.Room.Runtime",
        "Version": "*"
      },
      {
        "Name": "Xamarin.Android.Arch.Persistence.Db.Framework",
        "Version": "*"
      },
      {
        "Name": "Xamarin.Android.Support.Dynamic.Animation",
        "Version": "*"
      }
    ],
    "NetCorePackages": []
  }
]